train_loss,epoch,step
0.08212479948997498,0,49
0.037776146084070206,0,99
